{"schemaVersion":"1.0","appDefinitionTemplate":{"id":"/providers/Microsoft.PowerApps/apps/","type":"Microsoft.PowerApps/apps","tags":{"minimumRequiredApiVersion":"2.2.0","primaryDeviceWidth":"640","primaryDeviceHeight":"1136","supportsPortrait":"true","supportsLandscape":"false","primaryFormFactor":"Phone","publisherVersion":"3.23043.16","hasComponent":"false","hasUnlockedComponent":"false","isUnifiedRootApp":"false","sienaVersion":"20230501T091521Z-3.23043.16.0"},"properties":{"appVersion":"2023-05-01T09:15:21Z","lifeCycleId":"Published","createdByClientVersion":{"major":3,"minor":23043,"build":16,"revision":0,"majorRevision":0,"minorRevision":0},"minClientVersion":{"major":3,"minor":23043,"build":16,"revision":0,"majorRevision":0,"minorRevision":0},"backgroundColor":"rgba(255, 255, 255, 1)","backgroundImageUri":"/102935253634572503/Nb3551676-0912-40c1-be01-a2e3217a1d94-logoSmallFile","displayName":"PowerApp - Calculator","description":"This is a Standard WIN10-11 style calculator.","commitMessage":"","appUris":{"documentUri":{"value":"/102935253634572503/Ncb979a91-87e2-494f-be13-8f251473ab9c-document.msapp"},"imageUris":[],"additionalUris":[]},"createdTime":"0001-01-01T00:00:00Z","lastModifiedTime":"0001-01-01T00:00:00Z","sharedGroupsCount":0,"sharedUsersCount":0,"connectionReferences":{},"databaseReferences":{},"almMode":"Environment","performanceOptimizationEnabled":true,"canConsumeAppPass":true,"enableModernRuntimeMode":false,"executionRestrictions":{"isTeamsOnly":false,"dataLossPreventionEvaluationResult":{"status":"Compliant","lastEvaluationDate":"2023-05-01T06:30:18.4710453Z","violations":[],"violationsByPolicy":[],"violationErrorMessage":"Az alkalmazás a következő összekötőket használja: ."}}},"appType":"ClassicCanvasApp","appComponents":[]}}